char,order
一,1
二,2
三,3
十,4
四,5
五,6
六,7
七,8
八,9
九,10
不,11
是,12
月,13
日,14
天,15
明,16
今,17
吗,18
昨,19
几,20
有,21
门,22
马,23
友,24
朋,25
儿,26
女,27
人,28
男,29
妈,30
子,31
我,32
的,33
们,34
她,35
他,36
你,37
好,38
个,39
家,40
在,41
这,42
也,43
点,44
知,45
道,46
谁,47
书,48
那,49
去,50
本,51
多,52
很,53
哪,54
里,55
了,56
现,57
认,58
识,59
想,60
要,61
吃,62
饭,63
话,64
说,65
真,66
名,67
字,68
会,69
写,70
么,71
什,72
岁,73
年,74
做,75
呢,76
为,77
来,78
师,79
老,80
开,81
车,82
爸,83
看,84
回,85
没,86
还,87
学,88
生,89
都,90
两,91
大,92
房,93
间,94
和,95
上,96
小,97
下,98
面,99
东,100
西,101
能,102
走,103
已,104
经,105
再,106
见,107
过,108
到,109
快,110
听,111
怎,112
晚,113
对,114
起,115
前,116
以,117
可,118
就,119
样,120
星,121
期,122
候,123
时,124
住,125
吧,126
出,127
玩,128
跟,129
给,130
钱,131
些,132
中,133
国,134
午,135
菜,136
喜,137
欢,138
只,139
后,140
店,141
找,142
得,143
气,144
拿,145
少,146
长,147
每,148
笑,149
早,150
太,151
问,152
路,153
外,154
从,155
边,156
次,157
第,158
手,159
水,160
地,161
方,162
心,163
半,164
花,165
它,166
己,167
自,168
头,169
行,170
校,171
坐,172
椅,173
作,174
工,175
医,176
院,177
睡,178
觉,179
打,180
电,181
果,182
苹,183
买,184
商,185
爱,186
狗,187
猫,188
桌,189
脑,190
块,191
杯,192
喝,193
茶,194
亮,195
漂,196
雨,197
服,198
衣,199
兴,200
高,201
姐,202
火,203
站,204
同,205
影,206
视,207
习,208
请,209
馆,210
机,211
飞,212
京,213
北,214
分,215
钟,216
冷,217
客,218
谢,219
新,220
送,221
租,222
热,223
叫,224
右,225
着,226
左,227
发,228
等,229
最,230
事,231
但,232
汉,233
语,234
别,235
关,236
系,237
把,238
读,239
让,240
完,241
海,242
用,243
零,244
喂,245
当,246
然,247
先,248
啊,249
进,250
该,251
带,252
情,253
所,254
旁,255
孩,256
室,257
汽,258
穿,259
色,260
黑,261
白,262
场,263
球,264
足,265
踢,266
动,267
运,268
员,269
篮,270
身,271
红,272
步,273
跑,274
号,275
床,276
张,277
纸,278
舞,279
跳,280
教,281
件,282
颜,283
病,284
报,285
泳,286
游,287
共,288
课,289
正,290
洗,291
您,292
错,293
唱,294
歌,295
山,296
题,297
休,298
息,299
班,300
咖,301
啡,302
比,303
票,304
始,305
雪,306
常,307
非,308
思,309
意,310
告,311
诉,312
帮,313
瓜,314
准,315
备,316
考,317
试,318
哥,319
体,320
忙,321
药,322
表,323
船,324
鱼,325
公,326
司,327
离,328
远,329
希,330
望,331
妹,332
弟,333
奶,334
牛,335
蛋,336
鸡,337
旅,338
乐,339
丈,340
夫,341
务,342
因,343
卖,344
斤,345
便,346
宜,347
眼,348
睛,349
贵,350
米,351
羊,352
肉,353
助,354
答,355
慢,356
迎,357
内,358
抱,359
位,360
士,361
相,362
放,363
干,364
活,365
拉,366
制,367
尔,368
办,369
接,370
应,371
需,372
刚,373
才,374
业,375
理,376
提,377
文,378
物,379
向,380
信,381
证,382
更,383
介,384
绍,385
妻,386
谈,387
管,388
于,389
直,390
如,391
懂,392
法,393
部,394
又,395
定,396
成,397
周,398
通,399
重,400
解,401
难,402
切,403
使,404
像,405
算,406
处,407
美,408
之,409
记,410
任,411
何,412
全,413
安,414
其,415
实,416
许,417
或,418
者,419
无,420
特,421
失,422
总,423
感,424
千,425
百,426
被,427
变,428
阴,429
确,430
姓,431
种,432
歉,433
死,434
而,435
主,436
原,437
及,438
化,439
将,440
害,441
怕,442
声,443
必,444
力,445
并,446
合,447
亲,448
受,449
杀,450
军,451
队,452
由,453
选,454
保,455
此,456
性,457
利,458
产,459
双,460
台,461
裙,462
短,463
裤,464
厅,465
包,466
街,467
演,468
沙,469
笔,470
往,471
容,472
鞋,473
网,474
具,475
瓶,476
食,477
餐,478
料,479
饮,480
厨,481
画,482
黄,483
骑,484
赛,485
酒,486
梯,487
楼,488
板,489
口,490
健,491
图,492
棒,493
糕,494
单,495
脚,496
镜,497
盘,498
户,499
窗,500
园,501
厂,502
照,503
片,504
练,505
近,506
附,507
河,508
湖,509
铁,510
碗,511
树,512
言,513
护,514
累,515
指,516
饺,517
元,518
礼,519
阳,520
婚,521
结,522
朵,523
耳,524
决,525
换,526
末,527
音,528
加,529
参,530
银,531
袜,532
数,533
立,534
秋,535
假,536
久,537
趣,538
轻,539
冒,540
蕉,541
香,542
局,543
邮,544
句,545
舒,546
城,547
市,548
坏,549
码,550
南,551
风,552
伤,553
饿,554
静,555
英,556
澡,557
肚,558
注,559
胖,560
汁,561
瘦,562
封,563
紧,564
易,565
历,566
史,567
春,568
功,569
甜,570
康,571
察,572
警,573
观,574
代,575
鸟,576
冬,577
渴,578
夏,579
查,580
赢,581
级,582
万,583
圆,584
甚,585
汤,586
寄,587
与,588
程,589
嘿,590
世,591
度,592
净,593
背,594
草,595
举,596
讲,597
蓝,598
腿,599
李,600
箱,601
目,602
节,603
育,604
空,605
炼,606
锻,607
伞,608
绿,609
景,610
衫,611
衬,612
戏,613
低,614
筷,615
条,616
帽,617
环,618
平,619
束,620
检,621
满,622
脸,623
冰,624
搬,625
忘,626
超,627
鲜,628
扫,629
爬,630
借,631
辆,632
刷,633
牙,634
熊,635
烧,636
急,637
议,638
楚,639
清,640
愿,641
调,642
迟,643
糖,644
灯,645
担,646
疼,647
顾,648
据,649
根,650
段,651
惯,652
除,653
刻,654
差,655
须,656
且,657
啤,658
萄,659
葡,660
旧,661
虽,662
极,663
越,664
哭,665
终,666
季,667
较,668
爷,669
宾,670
择,671
突,672
求,673
响,674
复,675
努,676
绩,677
遇,678
典,679
词,680
云,681
境,682
奇,683
怪,684
层,685
居,686
邻,687
简,688
般,689
刮,690
晴,691
乎,692
敢,693
闻,694
祝,695
聪,696
角,697
界,698
普,699
矮,700
示,701
铅,702
叔,703
鼻,704
交,705
装,706
展,707
抓,708
光,709
整,710
品,711
器,712
王,713
巴,714
托,715
格,716
布,717
各,718
统,719
卡,720
停,721
基,722
尼,723
留,724
金,725
枪,726
母,727
父,728
联,729
区,730
救,731
论,732
份,733
收,734
资,735
线,736
够,737
转,738
待,739
至,740
象,741
姨,742
阿,743
约,744
底,745
肯,746
量,747
建,748
啦,749
弄,750
入,751
反,752
消,753
尽,754
却,755
案,756
饱,757
密,758
神,759
精,760
鬼,761
达,762
持,763
继,764
续,765
嘛,766
命,767
掉,768
强,769
形,770
止,771
绝,772
克,773
巧,774
兄,775
输,776
哦,777
嗯,778
痛,779
即,780
计,781
血,782
疯,783
踏,784
科,785
义,786
社,787
犯,788
罪,789
治,790
搞,791
伙,792
民,793
戴,794
套,795
油,796
躺,797
仔,798
排,799
墙,800
堂,801
刀,802
剪,803
搭,804
操,805
叉,806
庆,807
袋,808
吉,809
林,810
毛,811
流,812
嘴,813
盒,814
闹,815
验,816
琴,817
钢,818
聊,819
座,820
划,821
丽,822
华,823
术,824
艺,825
皮,826
烤,827
讨,828
桥,829
淇,830
淋,831
枝,832
志,833
杂,834
挂,835
故,836
烦,837
麻,838
虎,839
夜,840
丢,841
饼,842
匙,843
钥,844
脖,845
宿,846
舍,847
猪,848
价,849
散,850
传,851
尝,852
毕,853
煮,854
苦,855
辛,856
幸,857
福,858
博,859
凉,860
卧,861
永,862
乡,863
味,864
庭,865
暖,866
温,867
址,868
危,869
险,870
脏,871
寒,872
堡,873
尺,874
职,875
偷,876
吵,877
浴,878
暑,879
费,880
念,881
纪,882
付,883
青,884
遍,885
释,886
愉,887
羞,888
辣,889
森,890
咳,891
嗽,892
盐,893
酸,894
貌,895
勇,896
寓,897
章,898
厕,899
官,900
权,901
深,902
拍,903
连,904
弹,905
石,906
投,907
架,908
靠,909
广,910
呼,911
倒,912
乱,913
领,914
另,915
际,916
呀,917
列,918
争,919
模,920
怀,921
破,922
设,923
闭,924
取,925
录,926
脱,927
挺,928
导,929
称,930
剧,931
赶,932
支,933
研,934
究,935
改,936
标,937
式,938
技,939
集,940
专,941
随,942
控,943
松,944
落,945
农,946
醒,947
显,948
况,949
团,950
则,951
否,952
吸,953
引,954
首,955
置,956
质,957
律,958
恐,959
组,960
梦,961
仅,962
迷,963
俩,964
独,965
糟,966
探,967
退,968
负,969
责,970
曾,971
惊,972
派,973
激,974
存,975
秘,976
监,977
似,978
类,979
未,980
兵,981
索,982
规,983
造,984
猜,985
某,986
承,987
维,988
断,989
疑,990
令,991
战,992
唯,993
狂,994
顿,995
府,996
政,997
增,998
恢,999
逃,1000
谎,1001
狱,1002
击,1003
恶,1004
毒,1005
混,1006
委,1007
姊,1008
娘,1009
抬,1010
群,1011
微,1012
秀,1013
握,1014
奖,1015
羽,1016
围,1017
巾,1018
推,1019
乒,1020
乓,1021
偶,1022
掌,1023
鼓,1024
签,1025
互,1026
修,1027
植,1028
彩,1029
积,1030
材,1031
扔,1032
货,1033
抽,1034
烟,1035
桶,1036
擦,1037
圾,1038
垃,1039
购,1040
咱,1041
招,1042
压,1043
众,1044
适,1045
龄,1046
叶,1047
奋,1048
织,1049
印,1050
按,1051
拾,1052
翻,1053
帅,1054
陪,1055
优,1056
硕,1057
针,1058
塑,1059
顺,1060
币,1061
硬,1062
族,1063
泼,1064
齐,1065
售,1066
聘,1067
态,1068
竞,1069
童,1070
折,1071
逛,1072
养,1073
坚,1074
乘,1075
敲,1076
键,1077
洋,1078
虑,1079
悉,1080
熟,1081
稍,1082
播,1083
预,1084
概,1085
厉,1086
堵,1087
减,1088
肥,1089
严,1090
汗,1091
幽,1092
暗,1093
浪,1094
漫,1095
傅,1096
速,1097
猴,1098
竟,1099
误,1100
尤,1101
效,1102
困,1103
缺,1104
填,1105
授,1106
既,1107
丰,1108
富,1109
批,1110
评,1111
励,1112
获,1113
贺,1114
邀,1115
撞,1116
值,1117
惜,1118
柿,1119
剩,1120
悔,1121
宽,1122
篇,1123
译,1124
估,1125
航,1126
弃,1127
阅,1128
扮,1129
页,1130
厚,1131
耐,1132
泪,1133
粗,1134
细,1135
扰,1136
供,1137
免,1138
润,1139
湿,1140
拒,1141
败,1142
序,1143
默,1144
棵,1145
村,1146
窄,1147
省,1148
恼,1149
暂,1150
仍,1151
例,1152
降,1153
厌,1154
扬,1155
距,1156
江,1157
骗,1158
染,1159
污,1160
尊,1161
限,1162
替,1163
申,1164
燥,1165
肤,1166
慕,1167
羡,1168
忆,1169
详,1170
扩,1171
范,1172
济,1173
孤,1174
渐,1175
逐,1176
傲,1177
骄,1178
判,1179
映,1180
赚,1181
忽,1182
括,1183
懒,1184
允,1185
禁,1186
屋,1187
牌,1188
抢,1189
异,1190
肩,1191
浅,1192
滑,1193
拥,1194
滩,1195
摸,1196
池,1197
坪,1198
古,1199
摆,1200
轮,1201
挥,1202
土,1203
挑,1204
木,1205
柜,1206
充,1207
粉,1208
摩,1209
田,1210
堆,1211
访,1212
采,1213
训,1214
摊,1215
摘,1216
柔,1217
软,1218
淡,1219
逗,1220
龙,1221
壁,1222
蔬,1223
橘,1224
妆,1225
碰,1226
项,1227
野,1228
露,1229
烈,1230
盖,1231
状,1232
守,1233
贴,1234
挤,1235
炒,1236
膀,1237
玉,1238
蛇,1239
吹,1240
狮,1241
兔,1242
胎,1243
抵,1244
敬,1245
罐,1246
咬,1247
鸭,1248
娃,1249
含,1250
依,1251
欣,1252
赏,1253
朗,1254
聚,1255
晒,1256
订,1257
升,1258
营,1259
哎,1260
曲,1261
串,1262
配,1263
涂,1264
玫,1265
瑰,1266
追,1267
献,1268
郊,1269
浆,1270
殖,1271
隔,1272
脾,1273
炮,1274
鞭,1275
豆,1276
宝,1277
贝,1278
寺,1279
庙,1280
版,1281
销,1282
初,1283
协,1284
触,1285
姑,1286
善,1287
良,1288
兰,1289
源,1290
碍,1291
障,1292
创,1293
诚,1294
咸,1295
酱,1296
唉,1297
沟,1298
哈,1299
杰,1300
吓,1301
婆,1302
恋,1303
寻,1304
弱,1305
培,1306
益,1307
忍,1308
炸,1309
伟,1310
糊,1311
贸,1312
恨,1313
财,1314
迹,1315
穷,1316
夕,1317
拜,1318
仗,1319
描,1320
符,1321
谓,1322
丑,1323
岛,1324
盼,1325
谅,1326
础,1327
齿,1328
辈,1329
戚,1330
荐,1331
避,1332
噢,1333
殊,1334
灵,1335
稳,1336
络,1337
寸,1338
俗,1339
秒,1340
谊,1341
陌,1342
亏,1343
嗨,1344
妇,1345
讶,1346
腐,1347
噪,1348
企,1349
珍,1350
虚,1351
谦,1352
德,1353
恭,1354
姻,1355
怨,1356
陆,1357
怜,1358
祸,1359
敌,1360
革,1361
虫,1362
域,1363
纯,1364
欺,1365
佳,1366
哲,1367
圣,1368
著,1369
恩,1370
膏,1371
趁,1372
党,1373
斯,1374
刺,1375
臭,1376
醋,1377
阶,1378
尚,1379
端,1380
麦,1381
武,1382
势,1383
顶,1384
卫,1385
摄,1386
射,1387
剑,1388
型,1389
冲,1390
席,1391
防,1392
载,1393
款,1394
岸,1395
摇,1396
斗,1397
施,1398
额,1399
丝,1400
测,1401
疗,1402
胡,1403
刘,1404
劳,1405
诞,1406
宣,1407
登,1408
编,1409
致,1410
滚,1411
副,1412
素,1413
临,1414
撒,1415
补,1416
玛,1417
诺,1418
灭,1419
捕,1420
胜,1421
爆,1422
执,1423
享,1424
档,1425
锁,1426
朝,1427
波,1428
巨,1429
州,1430
属,1431
呆,1432
屁,1433
股,1434
塔,1435
誓,1436
藏,1437
移,1438
余,1439
魔,1440
述,1441
陈,1442
占,1443
诗,1444
沉,1445
塞,1446
阻,1447
孙,1448
孝,1449
私,1450
宫,1451
皇,1452
毫,1453
骨,1454
毁,1455
港,1456
阵,1457
征,1458
瞧,1459
笨,1460
哇,1461
损,1462
夸,1463
率,1464
遗,1465
构,1466
攻,1467
雇,1468
抗,1469
暴,1470
固,1471
归,1472
略,1473
策,1474
核,1475
亡,1476
若,1477
镇,1478
奥,1479
谋,1480
莉,1481
萨,1482
予,1483
税,1484
纳,1485
酷,1486
踪,1487
欧,1488
洲,1489
亚,1490
威,1491
榜,1492
审,1493
赌,1494
智,1495
尸,1496
骂,1497
傻,1498
均,1499
舅,1500
逼,1501
魂,1502
宗,1503
舰,1504
押,1505
祖,1506
盗,1507
牲,1508
牺,1509
央,1510
矩,1511
坦,1512
墨,1513
洁,1514
腰,1515
奔,1516
闲,1517
插,1518
扎,1519
拳,1520
耍,1521
胸,1522
侧,1523
灰,1524
吻,1525
幕,1526
甲,1527
纹,1528
伸,1529
摔,1530
拖,1531
奏,1532
旗,1533
圈,1534
盛,1535
蹈,1536
潮,1537
幅,1538
横,1539
艇,1540
仪,1541
绕,1542
裁,1543
岩,1544
尾,1545
旋,1546
泡,1547
卷,1548
仰,1549
泥,1550
匹,1551
鼠,1552
筑,1553
夺,1554
荡,1555
潜,1556
洞,1557
纷,1558
壮,1559
碎,1560
沿,1561
残,1562
疾,1563
挡,1564
冠,1565
雅,1566
戒,1567
透,1568
磨,1569
绑,1570
扯,1571
井,1572
蒙,1573
孕,1574
箭,1575
拼,1576
衡,1577
闪,1578
赞,1579
韩,1580
喊,1581
祈,1582
祷,1583
液,1584
抛,1585
川,1586
挖,1587
佛,1588
珠,1589
诊,1590
赵,1591
废,1592
辞,1593
荒,1594
库,1595
颗,1596
晨,1597
欠,1598
钻,1599
繁,1600
尖,1601
浮,1602
汇,1603
患,1604
辑,1605
帕,1606
启,1607
泛,1608
伴,1609
途,1610
迈,1611
仙,1612
延,1613
盾,1614
矛,1615
援,1616
劲,1617
绪,1618
缓,1619
雄,1620
憾,1621
旦,1622
粮,1623
砸,1624
豪,1625
灾,1626
震,1627
倍,1628
丁,1629
吐,1630
躲,1631
频,1632
罚,1633
倾,1634
悲,1635
宁,1636
径,1637
埋,1638
妙,1639
尿,1640
荷,1641
孔,1642
敏,1643
驾,1644
宇,1645
宙,1646
翼,1647
嫁,1648
迫,1649
艘,1650
佩,1651
彼,1652
纵,1653
郎,1654
凡,1655
慧,1656
仿,1657
眉,1658
析,1659
恰,1660
乏,1661
胁,1662
唐,1663
娜,1664
矿,1665
烂,1666
帐,1667
胞,1668
措,1669
剂,1670
兽,1671
悄,1672
缩,1673
促,1674
嫌,1675
俱,1676
欲,1677
逮,1678
偏,1679
氏,1680
晓,1681
凭,1682
峰,1683
返,1684
庄,1685
搜,1686
忧,1687
彻,1688
融,1689
惹,1690
猛,1691
迅,1692
谷,1693
幻,1694
隐,1695
荣,1696
症,1697
综,1698
赖,1699
陷,1700
怖,1701
胆,1702
缘,1703
裂,1704
叹,1705
洪,1706
趋,1707
亿,1708
贫,1709
乌,1710
鲁,1711
辩,1712
汰,1713
淘,1714
债,1715
忠,1716
牢,1717
拯,1718
泰,1719
爽,1720
遭,1721
雷,1722
伏,1723
愈,1724
侵,1725
丧,1726
炎,1727
伍,1728
盯,1729
违,1730
惧,1731
叛,1732
徒,1733
猎,1734
番,1735
罢,1736
蜜,1737
劫,1738
袭,1739
帝,1740
瓦,1741
偿,1742
怒,1743
隆,1744
啥,1745
惨,1746
撤,1747
渡,1748
愚,1749
蠢,1750
奉,1751
罗,1752
薄,1753
掩,1754
乃,1755
振,1756
侦,1757
涉,1758
召,1759
讯,1760
袖,1761
杆,1762
臂,1763
牵,1764
阔,1765
毯,1766
弯,1767
扶,1768
呐,1769
昏,1770
罩,1771
廊,1772
腾,1773
跃,1774
饰,1775
撑,1776
丛,1777
趴,1778
铺,1779
挽,1780
裸,1781
赤,1782
棍,1783
绳,1784
夹,1785
溜,1786
婴,1787
垫,1788
膝,1789
雕,1790
扇,1791
茫,1792
耀,1793
递,1794
漠,1795
舱,1796
屏,1797
吊,1798
柱,1799
榄,1800
橄,1801
尘,1802
玻,1803
璃,1804
轨,1805
驶,1806
扭,1807
踩,1808
链,1809
扑,1810
紫,1811
捡,1812
喷,1813
泉,1814
凌,1815
坛,1816
扣,1817
履,1818
笼,1819
竹,1820
坡,1821
勃,1822
斜,1823
跨,1824
仓,1825
钓,1826
览,1827
抚,1828
棉,1829
渔,1830
胳,1831
膊,1832
苍,1833
割,1834
舌,1835
扁,1836
籍,1837
棕,1838
胶,1839
跌,1840
册,1841
姿,1842
拔,1843
卜,1844
萝,1845
稀,1846
搏,1847
郁,1848
娱,1849
锦,1850
拦,1851
稿,1852
趟,1853
垂,1854
氧,1855
宠,1856
滴,1857
陶,1858
坠,1859
炉,1860
遥,1861
慰,1862
芭,1863
蕾,1864
绘,1865
飘,1866
腹,1867
削,1868
缝,1869
勾,1870
肠,1871
雾,1872
账,1873
撕,1874
剥,1875
桃,1876
捐,1877
覆,1878
唇,1879
墓,1880
幼,1881
苗,1882
肌,1883
悬,1884
勤,1885
蜂,1886
胃,1887
眠,1888
械,1889
拆,1890
茄,1891
涨,1892
挣,1893
煤,1894
捉,1895
挨,1896
劝,1897
浓,1898
疏,1899
钉,1900
粘,1901
饲,1902
耕,1903
脉,1904
缠,1905
拨,1906
柴,1907
董,1908
宴,1909
匆,1910
拟,1911
漏,1912
菌,1913
截,1914
揭,1915
甩,1916
添,1917
屈,1918
祭,1919
狼,1920
铜,1921
艰,1922
储,1923
壳,1924
惠,1925
贷,1926
睁,1927
霉,1928
脆,1929
犹,1930
豫,1931
冻,1932
遵,1933
昂,1934
疲,1935
亨,1936
芳,1937
膜,1938
抖,1939
窝,1940
驱,1941
垒,1942
慌,1943
铃,1944
肺,1945
苏,1946
鹰,1947
昆,1948
砍,1949
晶,1950
询,1951
腔,1952
熬,1953
燃,1954
催,1955
贩,1956
凝,1957
巡,1958
逻,1959
仆,1960
枚,1961
庞,1962
薪,1963
弥,1964
闯,1965
梅,1966
芝,1967
牧,1968
浑,1969
誉,1970
宅,1971
栋,1972
晕,1973
肃,1974
搅,1975
妨,1976
寿,1977
悦,1978
擅,1979
粒,1980
愤,1981
焦,1982
哀,1983
携,1984
沈,1985
纠,1986
惑,1987
皱,1988
届,1989
岗,1990
呵,1991
津,1992
瞎,1993
癌,1994
娶,1995
券,1996
磁,1997
葬,1998
媒,1999
纲,2000
叙,2001
贡,2002
倦,2003
涌,2004
疫,2005
耗,2006
唤,2007
窃,2008
慎,2009
谨,2010
呈,2011
魅,2012
穴,2013
乳,2014
酪,2015
衰,2016
尬,2017
尴,2018
宏,2019
殿,2020
歇,2021
堪,2022
循,2023
斥,2024
恒,2025
伯,2026
践,2027
诱,2028
鉴,2029
悟,2030
骚,2031
愧,2032
郭,2033
赔,2034
泄,2035
惩,2036
兼,2037
梁,2038
筹,2039
闷,2040
嘲,2041
晃,2042
锋,2043
咒,2044
诅,2045
辜,2046
辨,2047
吾,2048
赋,2049
蚁,2050
蚂,2051
挫,2052
颤,2053
肝,2054
仇,2055
俄,2056
滋,2057
蓄,2058
耻,2059
贼,2060
劣,2061
抑,2062
阁,2063
刊,2064
瞒,2065
竭,2066
瘤,2067
肿,2068
摧,2069
臣,2070
醉,2071
僵,2072
囚,2073
侍,2074
佣,2075
妒,2076
嫉,2077
瘾,2078
贪,2079
谍,2080
咪,2081
妥,2082
廉,2083
赴,2084
肖,2085
邦,2086
刑,2087
崩,2088
溃,2089
恕,2090
轰,2091
逆,2092
贯,2093
宰,2094
屠,2095
邪,2096
巫,2097
谬,2098
拘,2099
伪,2100
君,2101
蛮,2102
鸣,2103
喘,2104
署,2105
峡,2106
督,2107
诸,2108
凶,2109
狠,2110
揍,2111
辱,2112
泽,2113
迁,2114
役,2115
锐,2116
唔,2117
缴,2118
虐,2119
遣,2120
盟,2121
呃,2122
勒,2123
诈,2124
卑,2125
贱,2126
佑,2127
赐,2128
妞,2129
尉,2130
筒,2131
敞,2132
蹲,2133
棋,2134
兜,2135
碧,2136
栏,2137
跪,2138
披,2139
凳,2140
盔,2141
洒,2142
翘,2143
茂,2144
厢,2145
朴,2146
棚,2147
翠,2148
捧,2149
媚,2150
歪,2151
灌,2152
陋,2153
纱,2154
铲,2155
锅,2156
盆,2157
鸽,2158
狭,2159
亭,2160
袍,2161
恤,2162
劈,2163
塘,2164
叠,2165
莓,2166
攀,2167
靴,2168
烛,2169
蜡,2170
弓,2171
框,2172
僧,2173
淹,2174
裹,2175
拐,2176
杖,2177
篷,2178
俯,2179
泣,2180
溪,2181
哑,2182
颠,2183
砖,2184
锤,2185
抹,2186
腕,2187
橙,2188
枯,2189
枕,2190
栽,2191
帘,2192
缸,2193
跤,2194
炬,2195
豹,2196
捏,2197
漆,2198
碑,2199
遮,2200
龟,2201
绣,2202
辽,2203
鹅,2204
梳,2205
蹦,2206
崖,2207
瓷,2208
椒,2209
坑,2210
捞,2211
炫,2212
橱,2213
桩,2214
巷,2215
驴,2216
驼,2217
藤,2218
斑,2219
驳,2220
艳,2221
辅,2222
虾,2223
槟,2224
笛,2225
颁,2226
剃,2227
拽,2228
擎,2229
掀,2230
锯,2231
悠,2232
轿,2233
哨,2234
薯,2235
蒸,2236
柄,2237
拢,2238
肢,2239
橡,2240
碟,2241
猩,2242
扳,2243
隧,2244
鸦,2245
煎,2246
筋,2247
蝴,2248
蝶,2249
雀,2250
兮,2251
谱,2252
钮,2253
舟,2254
涛,2255
绢,2256
钞,2257
塌,2258
绵,2259
翔,2260
沾,2261
颈,2262
鹿,2263
莲,2264
蓬,2265
沫,2266
嗓,2267
纺,2268
帆,2269
疆,2270
纽,2271
丸,2272
掘,2273
旬,2274
耽,2275
沃,2276
咨,2277
哄,2278
螺,2279
陀,2280
钩,2281
鲨,2282
掏,2283
犬,2284
盲,2285
耸,2286
爪,2287
煌,2288
辉,2289
翅,2290
吼,2291
舔,2292
抄,2293
卸,2294
卵,2295
杭,2296
衷,2297
禽,2298
铐,2299
烫,2300
纤,2301
乞,2302
愁,2303
畅,2304
涵,2305
玲,2306
溶,2307
丫,2308
旺,2309
募,2310
徽,2311
赠,2312
氛,2313
趾,2314
炭,2315
寂,2316
寞,2317
哟,2318
讽,2319
删,2320
轴,2321
皂,2322
柠,2323
檬,2324
蛙,2325
侣,2326
茅,2327
饥,2328
刹,2329
巢,2330
痒,2331
宵,2332
厦,2333
幢,2334
驰,2335
桑,2336
迪,2337
骤,2338
捣,2339
倡,2340
喻,2341
翁,2342
嘉,2343
莫,2344
噩,2345
悼,2346
秃,2347
溢,2348
奈,2349
逝,2350
馅,2351
瞪,2352
凑,2353
镖,2354
拓,2355
捷,2356
狐,2357
狸,2358
裕,2359
囊,2360
芒,2361
恳,2362
搁,2363
蛛,2364
蜘,2365
聋,2366
嚷,2367
壤,2368
沼,2369
涯,2370
瞬,2371
躁,2372
弊,2373
坟,2374
杜,2375
疚,2376
浸,2377
侄,2378
肮,2379
侠,2380
懦,2381
怯,2382
谐,2383
吁,2384
焰,2385
慈,2386
祥,2387
戳,2388
棺,2389
焚,2390
叮,2391
嘱,2392
卦,2393
匪,2394
伦,2395
镑,2396
旨,2397
湾,2398
兑,2399
匠,2400
肋,2401
咙,2402
喉,2403
垮,2404
弦,2405
肾,2406
吞,2407
咽,2408
拷,2409
沮,2410
渠,2411
谣,2412
眨,2413
柏,2414
煞,2415
堤,2416
滥,2417
慨,2418
慷,2419
谜,2420
侮,2421
绅,2422
姆,2423
钦,2424
呕,2425
哼,2426
饶,2427
疤,2428
痕,2429
捅,2430
泊,2431
岭,2432
脊,2433
阱,2434
毅,2435
顽,2436
滞,2437
脂,2438
瑞,2439
睹,2440
御,2441
窑,2442
唬,2443
酬,2444
寡,2445
晰,2446
嚼,2447
畜,2448
膛,2449
淑,2450
腺,2451
臀,2452
躯,2453
娇,2454
嫩,2455
瞄,2456
伐,2457
夷,2458
诡,2459
贿,2460
赂,2461
窜,2462
肆,2463
妄,2464
甘,2465
兆,2466
赎,2467
憎,2468
忏,2469
畏,2470
咋,2471
挪,2472
熏,2473
啸,2474
讼,2475
酗,2476
忌,2477
癫,2478
砰,2479
匿,2480
稽,2481
胀,2482
膨,2483
爹,2484
蔽,2485
磅,2486
庇,2487
庸,2488
毙,2489
狙,2490
倘,2491
罕,2492
拎,2493
搂,2494
茵,2495
挎,2496
绚,2497
倚,2498
伽,2499
瑜,2500
拇,2501
竖,2502
攘,2503
熙,2504
辫,2505
葱,2506
擂,2507
皑,2508
壶,2509
跷,2510
扛,2511
璀,2512
璨,2513
澈,2514
浇,2515
褂,2516
捂,2517
旷,2518
锹,2519
峭,2520
陡,2521
勺,2522
漉,2523
盎,2524
桨,2525
粼,2526
拄,2527
灿,2528
骆,2529
杠,2530
蔚,2531
缰,2532
墟,2533
跆,2534
毽,2535
烁,2536
颊,2537
琅,2538
琳,2539
筐,2540
黝,2541
漾,2542
竿,2543
掷,2544
撩,2545
箍,2546
馨,2547
荫,2548
秧,2549
嬉,2550
筝,2551
湛,2552
潭,2553
荧,2554
碌,2555
腻,2556
栈,2557
绒,2558
稻,2559
瞩,2560
帚,2561
锄,2562
岖,2563
崎,2564
浊,2565
泞,2566
叼,2567
汹,2568
袄,2569
遛,2570
篓,2571
搡,2572
踮,2573
豚,2574
腮,2575
旱,2576
凸,2577
凹,2578
帜,2579
筏,2580
鳄,2581
粽,2582
螃,2583
蟹,2584
檐,2585
搀,2586
灶,2587
烹,2588
饪,2589
墩,2590
稚,2591
藕,2592
叭,2593
喇,2594
栅,2595
嘟,2596
袤,2597
缭,2598
瓢,2599
礁,2600
橇,2601
肘,2602
洼,2603
晾,2604
镰,2605
菇,2606
蘑,2607
箩,2608
揣,2609
椰,2610
瀑,2611
攒,2612
湍,2613
绶,2614
琵,2615
琶,2616
笠,2617
舀,2618
箕,2619
簸,2620
躬,2621
鞠,2622
磋,2623
揉,2624
炊,2625
稼,2626
斧,2627
熨,2628
拭,2629
掰,2630
葵,2631
峻,2632
绷,2633
捋,2634
秤,2635
垠,2636
拌,2637
厩,2638
偎,2639
捆,2640
岔,2641
瓣,2642
芦,2643
葫,2644
拣,2645
杵,2646
鞍,2647
拧,2648
镯,2649
擀,2650
筛,2651
踝,2652
犀,2653
樱,2654
弈,2655
槌,2656
蜒,2657
蜿,2658
钳,2659
纫,2660
馒,2661
涸,2662
焊,2663
沱,2664
滂,2665
屉,2666
峨,2667
巍,2668
芜,2669
髦,2670
噘,2671
耙,2672
槽,2673
淤,2674
桔,2675
蟒,2676
鲸,2677
梨,2678
溅,2679
沏,2680
缆,2681
匾,2682
绸,2683
喧,2684
砌,2685
蒜,2686
菊,2687
矫,2688
锣,2689
鹉,2690
鹦,2691
缤,2692
抿,2693
鱿,2694
漱,2695
扒,2696
靓,2697
簇,2698
栓,2699
搓,2700
篝,2701
圃,2702
薰,2703
粥,2704
腊,2705
褐,2706
捶,2707
敷,2708
菠,2709
苔,2710
藓,2711
蜷,2712
滨,2713
莹,2714
锈,2715
撬,2716
犁,2717
呗,2718
鼎,2719
帖,2720
诀,2721
杨,2722
柳,2723
凿,2724
窖,2725
溺,2726
嚏,2727
穗,2728
芽,2729
萎,2730
圳,2731
揪,2732
寝,2733
诵,2734
蜥,2735
蜴,2736
霜,2737
榴,2738
拴,2739
卉,2740
渊,2741
槛,2742
箔,2743
刨,2744
嗅,2745
奠,2746
驻,2747
笆,2748
篱,2749
掐,2750
啃,2751
蹄,2752
屑,2753
拂,2754
朱,2755
烙,2756
驮,2757
骡,2758
狡,2759
猾,2760
肪,2761
丘,2762
陵,2763
傍,2764
晖,2765
榨,2766
颓,2767
冥,2768
祀,2769
浏,2770
绊,2771
攥,2772
舷,2773
澳,2774
馈,2775
饵,2776
皆,2777
颐,2778
崇,2779
韧,2780
羔,2781
蝇,2782
籽,2783
苇,2784
熄,2785
烘,2786
焙,2787
咆,2788
哮,2789
碾,2790
叨,2791
唠,2792
燕,2793
鸥,2794
惭,2795
滤,2796
阀,2797
拙,2798
琢,2799
曼,2800
虔,2801
驯,2802
皿,2803
腌,2804
挚,2805
菲,2806
丐,2807
堕,2808
奢,2809
泵,2810
簧,2811
县,2812
阐,2813
剔,2814
崭,2815
鄙,2816
弧,2817
拱,2818
囱,2819
垢,2820
渗,2821
髓,2822
挠,2823
潦,2824
惰,2825
渍,2826
酵,2827
酿,2828
坍,2829
沐,2830
潇,2831
簿,2832
姜,2833
沸,2834
绞,2835
砂,2836
黏,2837
歧,2838
疵,2839
苛,2840
颇,2841
廓,2842
逢,2843
碳,2844
蒂,2845
蜗,2846
坝,2847
掸,2848
韵,2849
秩,2850
遏,2851
匀,2852
瞥,2853
剖,2854
匕,2855
勉,2856
懈,2857
掠,2858
翱,2859
灸,2860
羹,2861
乙,2862
醇,2863
刃,2864
啪,2865
痪,2866
瘫,2867
歹,2868
炖,2869
喃,2870
惫,2871
窘,2872
跋,2873
洽,2874
贬,2875
乖,2876
咩,2877
疹,2878
虹,2879
霓,2880
哗,2881
淌,2882
擤,2883
涕,2884
盈,2885
眶,2886
痹,2887
蔓,2888
睫,2889
稠,2890
吨,2891
瞌,2892
泌,2893
胰,2894
溯,2895
猿,2896
觅,2897
豁,2898
昌,2899
痊,2900
鲑,2901
鲤,2902
勿,2903
涤,2904
嵌,2905
芯,2906
卒,2907
磕,2908
钝,2909
鞘,2910
咧,2911
昔,2912
叁,2913
墅,2914
畔,2915
熔,2916
蚀,2917
栖,2918
蛾,2919
蝙,2920
蝠,2921
嗜,2922
爵,2923
吟,2924
呻,2925
啜,2926
闺,2927
窍,2928
悯,2929
朽,2930
婪,2931
糙,2932
蹭,2933
佯,2934
抉,2935
诫,2936
铭,2937
倔,2938
棘,2939
搔,2940
蚊,2941
孵,2942
狩,2943
吱,2944
嘎,2945
侈,2946
昼,2947
盹,2948
辟,2949
殴,2950
颚,2951
憋,2952
胱,2953
亦,2954
咎,2955
伺,2956
窥,2957
咚,2958
咯,2959
咕,2960
噜,2961
芥,2962
蕃,2963
桅,2964
锚,2965
疡,2966
疮,2967
脓,2968
龈,2969
孽,2970
戮,2971
吠,2972
嚎,2973
灼,2974
眩,2975
彗,2976
魁,2977
铸,2978
陨,2979
礴,2980
埂,2981
撸,2982
枣,2983
袈,2984
裟,2985
潺,2986
昵,2987
姣,2988
瘠,2989
闸,2990
粱,2991
摞,2992
靶,2993
脐,2994
胯,2995
皙,2996
黯,2997
剁,2998
芋,2999
骏,3000
妮,3001
褛,3002
褴,3003
宋,3004
俑,3005
澜,3006
揖,3007
唢,3008
峋,3009
嶙,3010
鸵,3011
髻,3012
弩,3013
萋,3014
撅,3015
姹,3016
嫣,3017
榔,3018
坊,3019
舵,3020
垛,3021
裱,3022
炕,3023
笤,3024
涧,3025
窨,3026
翩,3027
姥,3028
萍,3029
邓,3030
俊,3031
桂,3032
哺,3033
蹼,3034
芹,3035
镐,3036
撇,3037
媳,3038
卓,3039
坎,3040
坷,3041
崽,3042
栗,3043
鹏,3044
杷,3045
枇,3046
丹,3047
乔,3048
袱,3049
霍,3050
貂,3051
颖,3052
隙,3053
肴,3054
俭,3055
斓,3056
绽,3057
淀,3058
粪,3059
骷,3060
髅,3061
婉,3062
榻,3063
缕,3064
蹬,3065
饨,3066
馄,3067
蚌,3068
鳅,3069
娟,3070
藻,3071
襟,3072
厘,3073
褥,3074
秆,3075
秸,3076
蒲,3077
穆,3078
镊,3079
惕,3080
铠,3081
缨,3082
滔,3083
蚪,3084
蝌,3085
萧,3086
浙,3087
冯,3088
蕴,3089
翰,3090
咦,3091
蹴,3092
眯,3093
凯,3094
郑,3095
侥,3096
株,3097
巅,3098
眺,3099
笋,3100
铛,3101
沛,3102
魄,3103
珊,3104
瑚,3105
凄,3106
逊,3107
蓑,3108
鹤,3109
骰,3110
煲,3111
杈,3112
恍,3113
摁,3114
弛,3115
黎,3116
嘶,3117
焕,3118
睐,3119
钙,3120
骼,3121
扼,3122
抠,3123
洛,3124
赫,3125
伊,3126
畸,3127
啕,3128
朦,3129
胧,3130
盏,3131
盥,3132
徐,3133
锡,3134
弗,3135
莱,3136
侯,3137
怠,3138
愣,3139
捎,3140
杉,3141
矶,3142
敦,3143
吴,3144
霞,3145
鳝,3146
俏,3147
聆,3148
寨,3149
淳,3150
馋,3151
禅,3152
岳,3153
榆,3154
窟,3155
沪,3156
浦,3157
雹,3158
娥,3159
嫦,3160
姚,3161
嗐,3162
衔,3163
鳖,3164
檫,3165
靖,3166
奂,3167
锨,3168
皲,3169
咐,3170
雁,3171
徊,3172
徘,3173
逸,3174
骇,3175
梭,3176
傣,3177
茉,3178
濒,3179
渣,3180
蠕,3181
揽,3182
埃,3183
霸,3184
撵,3185
蘸,3186
膳,3187
莎,3188
衩,3189
厮,3190
斩,3191
螂,3192
蟑,3193
戈,3194
鬣,3195
谛,3196
砧,3197
屡,3198
粹,3199
撼,3200
浩,3201
瀚,3202
拗,3203
帷,3204
嗑,3205
仁,3206
茨,3207
潘,3208
萌,3209
帛,3210
蚕,3211
猕,3212
麋,3213
卤,3214
涩,3215
诧,3216
琐,3217
崔,3218
秦,3219
嫂,3220
庚,3221
嘈,3222
痴,3223
忡,3224
鳐,3225
噙,3226
枫,3227
媲,3228
泻,3229
毋,3230
妖,3231
娆,3232
仑,3233
僻,3234
碱,3235
衍,3236
毡,3237
蛤,3238
蜊,3239
儒,3240
颂,3241
侏,3242
廷,3243
轱,3244
辘,3245
澄,3246
屿,3247
缀,3248
嘀,3249
狒,3250
蚓,3251
蚯,3252
眷,3253
艾,3254
靡,3255
酥,3256
馕,3257
咏,3258
亩,3259
胚,3260
婷,3261
璐,3262
惬,3263
掺,3264
绎,3265
怦,3266
汪,3267
鸿,3268
寐,3269
冤,3270
枉,3271
藉,3272
勋,3273
弋,3274
讳,3275
嚣,3276
瘸,3277
涟,3278
漪,3279
奴,3280
懊,3281
沓,3282
瑕,3283
羚,3284
槐,3285
魏,3286
褓,3287
襁,3288
舶,3289
穹,3290
杏,3291
阑,3292
姬,3293
秽,3294
鲶,3295
裔,3296
暇,3297
函,3298
犊,3299
纬,3300
鹊,3301
宪,3302
嗡,3303
徙,3304
蔗,3305
硫,3306
贤,3307
邃,3308
戟,3309
屐,3310
雍,3311
挞,3312
痰,3313
盂,3314
呱,3315
喔,3316
斌,3317
陕,3318
箫,3319
楠,3320
汴,3321
悸,3322
枢,3323
琼,3324
瑶,3325
楸,3326
廖,3327
撮,3328
坞,3329
炯,3330
豌,3331
阄,3332
鹃,3333
內,3334
嘁,3335
倩,3336
鸬,3337
鹚,3338
篙,3339
珞,3340
彦,3341
霆,3342
锲,3343
葚,3344
沧,3345
夭,3346
黛,3347
曹,3348
钗,3349
瞻,3350
鹫,3351
叩,3352
矗,3353
缎,3354
乍,3355
絮,3356
浣,3357
乾,3358
惦,3359
噬,3360
昧,3361
砝,3362
凤,3363
漓,3364
烬,3365
醚,3366
遢,3367
邋,3368
罄,3369
褪,3370
坤,3371
辰,3372
椭,3373
鹬,3374
辗,3375
恺,3376
晋,3377
瘀,3378
吝,3379
啬,3380
彬,3381
殷,3382
弘,3383
镭,3384
呜,3385
婶,3386
贮,3387
兹,3388
迄,3389
契,3390
缔,3391
偕,3392
怡,3393
屎,3394
跛,3395
茬,3396
勘,3397
酋,3398
娴,3399
焉,3400
憩,3401
梢,3402
耶,3403
鲍,3404
赦,3405
紊,3406
氢,3407
撂,3408
涮,3409
氨,3410
钠,3411
啼,3412
睬,3413
湘,3414
缚,3415
鼬,3416
殡,3417
麝,3418
牡,3419
锌,3420
篾,3421
崴,3422
辍,3423
隘,3424
褒,3425
詹,3426
哝,3427
亢,3428
惚,3429
懑,3430
隶,3431
岂,3432
茁,3433
苟,3434
茎,3435
蔷,3436
薇,3437
贞,3438
曙,3439
椎,3440
颅,3441
痣,3442
蝉,3443
妩,3444
瞅,3445
驹,3446
腥,3447
垦,3448
惋,3449
渺,3450
跚,3451
蹒,3452
舆,3453
崛,3454
镂,3455
彭,3456
绰,3457
俐,3458
巩,3459
蜕,3460
诠,3461
蓟,3462
谴,3463
沦,3464
愕,3465
杳,3466
汲,3467
荆,3468
冽,3469
迂,3470
卢,3471
蕊,3472
柚,3473
瘟,3474
霾,3475
禾,3476
凛,3477
彝,3478
悴,3479
憔,3480
撰,3481
梗,3482
骸,3483
啰,3484
嗦,3485
觑,3486
俞,3487
蔑,3488
茧,3489
柑,3490
菱,3491
惟,3492
萃,3493
荟,3494
酶,3495
镁,3496
芙,3497
荼,3498
丙,3499
郡,3500
伶,3501
壹,3502
汶,3503
骋,3504
邹,3505
隋,3506
粑,3507
糍,3508
蒋,3509
邺,3510
殃,3511
缪,3512
曰,3513
贾,3514
挲,3515
煦,3516
睦,3517
孟,3518
赡,3519
氮,3520
埙,3521
吩,3522
崂,3523
钊,3524
豇,3525
疟,3526
蝗,3527
蝎,3528
蛀,3529
氟,3530
龋,3531
睿,3532
芬,3533
桐,3534
梧,3535
曝,3536
窒,3537
梆,3538
裴,3539
蟀,3540
蟋,3541
飓,3542
奕,3543
攸,3544
晤,3545
榈,3546
镶,3547
媾,3548
抨,3549
渤,3550
辖,3551
氯,3552
汞,3553
柯,3554
苞,3555
佼,3556
歼,3557
仲,3558
瘪,3559
湃,3560
澎,3561
汐,3562
炙,3563
裳,3564
吭,3565
甸,3566
缅,3567
藐,3568
啮,3569
跺,3570
迸,3571
馁,3572
唆,3573
潢,3574
沌,3575
硝,3576
蹿,3577
侨,3578
雏,3579
嗖,3580
顷,3581
涝,3582
蹊,3583
啄,3584
瑙,3585
硅,3586
拮,3587
晌,3588
胺,3589
陛,3590
叽,3591
喳,3592
沥,3593
蕲,3594
唧,3595
哧,3596
茸,3597
诽,3598
谤,3599
侃,3600
殆,3601
靥,3602
荤,3603
裾,3604
腋,3605
嘘,3606
讪,3607
枷,3608
昙,3609
磷,3610
钾,3611
猝,3612
苯,3613
峦,3614
桦,3615
俘,3616
虏,3617
鬓,3618
锢,3619
匮,3620
颔,3621
恪,3622
鳕,3623
琪,3624
冕,3625
梓,3626
吮,3627
彰,3628
雌,3629
惶,3630
砾,3631
凋,3632
腆,3633
腼,3634
馏,3635
摹,3636
楷,3637
甥,3638
葛,3639
狞,3640
狰,3641
蛐,3642
谆,3643
谀,3644
咿,3645
叟,3646
痫,3647
摒,3648
氓,3649
祟,3650
蜚,3651
悻,3652
窈,3653
窕,3654
藩,3655
痂,3656
迢,3657
稣,3658
笺,3659
楣,3660
珑,3661
孑,3662
诲,3663
忱,3664
沁,3665
赝,3666
淮,3667
磺,3668
吏,3669
邈,3670
鬃,3671
碴,3672
濡,3673
裨,3674
楂,3675
彤,3676
锃,3677
牦,3678
籁,3679
樟,3680
遨,3681
耘,3682
羁,3683
镣,3684
竽,3685
踵,3686
飚,3687
卿,3688
笃,3689
绮,3690
苜,3691
蓿,3692
磊,3693
龇,3694
匡,3695
矣,3696
哽,3697
暮,3698
鳍,3699
睑,3700
鳃,3701
敛,3702
戎,3703
桓,3704
蔡,3705
飙,3706
妃,3707
侗,3708
糯,3709
昭,3710
惺,3711
茜,3712
眸,3713
瞳,3714
啧,3715
壅,3716
窿,3717
牟,3718
逾,3719
宛,3720
悍,3721
娲,3722
鳌,3723
擒,3724
笙,3725
炔,3726
烯,3727
糜,3728
酚,3729
冶,3730
冈,3731
浃,3732
慵,3733
斐,3734
踱,3735
恁,3736
胄,3737
楞,3738
袅,3739
玄,3740
讷,3741
梵,3742
琉,3743
嗝,3744
翟,3745
苓,3746
阮,3747
潆,3748
颀,3749
拈,3750
咂,3751
镕,3752
胭,3753
骥,3754
凇,3755
焐,3756
丞,3757
鹗,3758
阜,3759
咀,3760
岐,3761
挝,3762
滇,3763
噫,3764
暨,3765
亘,3766
纣,3767
呓,3768
俨,3769
囫,3770
囵,3771
璎,3772
韦,3773
妊,3774
娠,3775
麓,3776
孜,3777
溉,3778
斋,3779
馓,3780
庵,3781
轩,3782
弁,3783
裘,3784
洫,3785
荔,3786
肽,3787
佟,3788
簪,3789
揆,3790
鄂,3791
隍,3792
驿,3793
莘,3794
砥,3795
砺,3796
晏,3797
敕,3798
纭,3799
烃,3800
洵,3801
骛,3802
娄,3803
氐,3804
洙,3805
潍,3806
嘹,3807
婺,3808
隅,3809
粤,3810
琦,3811
堰,3812
癜,3813
茹,3814
甫,3815
逖,3816
聿,3817
茱,3818
捺,3819
嗒,3820
萦,3821
噌,3822
畚,3823
瓤,3824
荚,3825
俪,3826
麟,3827
奘,3828
彪,3829
炳,3830
粟,3831
酉,3832
邵,3833
笫,3834
虬,3835
浒,3836
屺,3837
瘴,3838
圩,3839
蚝,3840
泗,3841
嶂,3842
砀,3843
馍,3844
忪,3845
鲢,3846
铢,3847
砣,3848
掖,3849
岘,3850
襄,3851
莞,3852
喏,3853
娅,3854
噎,3855
亵,3856
渎,3857
缉,3858
晦,3859
倏,3860
辙,3861
哩,3862
虱,3863
瞟,3864
痘,3865
疙,3866
瘩,3867
诶,3868
珈,3869
锥,3870
壕,3871
辐,3872
萼,3873
鳞,3874
蜓,3875
蜻,3876
嘻,3877
捻,3878
搽,3879
佐,3880
蛎,3881
挛,3882
痉,3883
煽,3884
扉,3885
莺,3886
掂,3887
抒,3888
臆,3889
忝,3890
遂,3891
凰,3892
忾,3893
哆,3894
奸,3895
衅,3896
剿,3897
蔫,3898
萤,3899
喽,3900
呦,3901
甭,3902
逞,3903
搐,3904
恙,3905
俺,3906
缮,3907
幺,3908
挟,3909
淆,3910
糅,3911
逍,3912
蚤,3913
僚,3914
娩,3915
鳟,3916
嘞,3917
匣,3918
豺,3919
裆,3920
涎,3921
鼾,3922
螳,3923
喙,3924
疣,3925
褶,3926
孪,3927
玷,3928
悚,3929
呛,3930
闩,3931
哔,3932
赃,3933
雳,3934
霹,3935
矢,3936
踹,3937
垣,3938
傀,3939
儡,3940
坯,3941
臼,3942
髋,3943
栉,3944
皖,3945
掴,3946
怔,3947
讥,3948
赊,3949
咔,3950
哒,3951
匍,3952
匐,3953
吆,3954
蚱,3955
蜢,3956
酣,3957
跄,3958
踉,3959
柬,3960
癖,3961
迩,3962
遐,3963
殉,3964
鳗,3965
匝,3966
偌,3967
钵,3968
仨,3969
硼,3970
瞰,3971
迥,3972
缈,3973
缥,3974
苣,3975
莴,3976
糠,3977
蛰,3978
淫,3979
抡,3980
淬,3981
镢,3982
棱,3983
篡,3984
铝,3985
袒,3986
杞,3987
枸,3988
赁,3989
轧,3990
猬,3991
牒,3992
鹳,3993
唾,3994
捍,3995
铰,3996
涡,3997
漩,3998
瀛,3999
笈,4000
伎,4001
鹈,4002
鹕,4003
茴,4004
斟,4005
酌,4006
谚,4007
烩,4008
蜇,4009
馊,4010
忿,4011
蛭,4012
曳,4013
奄,4014
赈,4015
迭,4016
毂,4017
厄,4018
箬,4019
彈,4020
滕,4021
藿,4022
鲵,4023
轳,4024
玖,4025
擞,4026
憨,4027
膘,4028
劵,4029
菸,4030
焗,4031
檀,4032
葺,4033
坭,4034
袢,4035
苋,4036
谧,4037
蛏,4038
貘,4039
涓,4040
鲇,4041
娓,4042
旭,4043
翎,4044
铡,4045
札,4046
筢,4047
衙,4048
搋,4049
攮,4050
镩,4051
逇,4052
喱,4053
蔼,4054
珀,4055
琥,4056
傧,4057
蜍,4058
蟾,4059
冗,4060
诬,4061
癞,4062
蟆,4063
氰,4064
绯,4065
窦,4066
甄,4067
缁,4068
蓦,4069
脯,4070
碘,4071
蛆,4072
颧,4073
鹌,4074
鹑,4075
锉,4076
烷,4077
咄,4078
獾,4079
酝,4080
碉,4081
仃,4082
瑟,4083
虞,4084
踌,4085
躇,4086
伫,4087
蓓,4088
蹑,4089
嗤,4090
鲱,4091
慑,4092
悖,4093
讣,4094
攫,4095
釉,4096
珐,4097
镀,4098
婿,4099
犸,4100
楔,4101
镍,4102
轶,4103
孀,4104
驭,4105
蹩,4106
疱,4107
垄,4108
剽,4109
囔,4110
恸,4111
疝,4112
耷,4113
怂,4114
恿,4115
寥,4116
谄,4117
暧,4118
鹞,4119
讹,4120
飕,4121
痔,4122
瘁,4123
渲,4124
舐,4125
奚,4126
扪,4127
酯,4128
唁,4129
厥,4130
皈,4131
臊,4132
箸,4133
膻,4134
糗,4135
蹋,4136
岌,4137
疽,4138
腱,4139
赘,4140
颞,4141
噗,4142
幌,4143
诋,4144
诣,4145
喋,4146
嬷,4147
霰,4148
鼹,4149
胛,4150
逅,4151
邂,4152
砒,4153
囤,4154
螫,4155
砷,4156
哞,4157
臃,4158
谒,4159
罂,4160
捱,4161
怅,4162
惘,4163
蕨,4164
菁,4165
孢,4166
颌,4167
胫,4168
霄,4169
鹜,4170
敝,4171
馀,4172
铀,4173
黠,4174
狈,4175
啾,4176
峙,4177
龛,4178
烊,4179
扈,4180
忖,4181
缄,4182
镳,4183
屹,4184
兀,4185
円,4186
耿,4187
睾,4188
獭,4189
蛊,4190
恬,4191
腑,4192
阡,4193
劾,4194
毗,4195
樵,4196
铬,4197
罔,4198
闰,4199
熵,4200
瞠,4201
韭,4202
畦,4203
薹,4204
氦,4205
箴,4206
瓮,4207
魇,4208
竣,4209
蚜,4210
渝,4211
肓,4212
鬈,4213
龚,4214
鑫,4215
阎,4216
惮,4217
俳,4218
掣,4219
纰,4220
帧,4221
鳏,4222
嗔,4223
膈,4224
掳,4225
徉,4226
徜,4227
堑,4228
鲔,4229
诘,4230
讬,4231
叱,4232
喀,4233
嚓,4234
喁,4235
簌,4236
拚,4237
蛹,4238
秉,4239
撙,4240
贻,4241
舢,4242
鲼,4243
喵,4244
俚,4245
譬,4246
圭,4247
奎,4248
牠,4249
酮,4250
吖,4251
嫖,4252
稔,4253
鸠,4254
阖,4255
霭,4256
瞭,4257
纾,4258
谘,4259
邸,4260
匈,4261
莽,4262
佬,4263
兢,4264
辄,4265
坨,4266
酊,4267
酩,4268
嗷,4269
荨,4270
倌,4271
剐,4272
猡,4273
瞑,4274
痤,4275
瘢,4276
咫,4277
翡,4278
旎,4279
旖,4280
彷,4281
徨,4282
蓉,4283
呷,4284
铊,4285
湮,4286
泔,4287
搪,4288
楝,4289
葆,4290
蔻,4291
眈,4292
锒,4293
诙,4294
遑,4295
蹙,4296
羯,4297
恣,4298
肱,4299
诰,4300
颏,4301
淖,4302
锂,4303
唷,4304
莅,4305
卯,4306
忸,4307
怩,4308
俸,4309
弑,4310
恻,4311
铤,4312
筵,4313
犒,4314
诩,4315
犟,4316
蹂,4317
躏,4318
诨,4319
栩,4320
榛,4321
饬,4322
觊,4323
觎,4324
憧,4325
憬,4326
嗲,4327
殒,4328
矜,4329
啷,4330
磐,4331
儆,4332
纶,4333
摈,4334
汝,4335
俾,4336
绺,4337
沽,4338
唏,4339
竺,4340
鹭,4341
霎,4342
蹶,4343
嘣,4344
泯,4345
龊,4346
龌,4347
蝮,4348
觥,4349
绥,4350
阉,4351
醺,4352
噼,4353
钛,4354
钚,4355
鲈,4356
妓,4357
娼,4358
揄,4359
揶,4360
馐,4361
祗,4362
戾,4363
锭,4364
镌,4365
噤,4366
鹄,4367
璜,4368
啻,4369
洄,4370
蟠,4371
祛,4372
蜃,4373
淙,4374
麾,4375
罹,4376
缜,4377
黜,4378
椽,4379
橹,4380
泾,4381
渭,4382
榕,4383
刍,4384
蚣,4385
蜈,4386
袂,4387
痢,4388
迳,4389
怆,4390
湎,4391
恫,4392
嬴,4393
惆,4394
讫,4395
岬,4396
疸,4397
癣,4398
笞,4399
燎,4400
臾,4401
茗,4402
矾,4403
阂,4404
垩,4405
盅,4406
啐,4407
嫔,4408
犷,4409
鸯,4410
鸳,4411
粕,4412
刽,4413
犄,4414
睽,4415
饯,4416
谙,4417
刈,4418
踊,4419
桧,4420
钡,4421
钴,4422
涣,4423
钨,4424
懵,4425
俎,4426
庖,4427
膺,4428
氩,4429
戍,4430
猷,4431
汛,4432
蓖,4433
浚,4434
缢,4435
惴,4436
趄,4437
趔,4438
螅,4439
孱,4440
翌,4441
伉,4442
揩,4443
掮,4444
谑,4445
鸨,4446
刁,4447
囗,4448
亟,4449
魟,4450
剌,4451
棂,4452
愫,4453
缛,4454
孰,4455
衾,4456
幡,4457
咭,4458
猖,4459
刎,4460
巳,4461
噱,4462
樊,4463
葩,4464
倪,4465
佻,4466
佃,4467
芡,4468
妾,4469
讧,4470
恃,4471
焖,4472
邑,4473
莠,4474
朔,4475
腭,4476
芸,4477
瘘,4478
朕,4479
铆,4480
仕,4481
呲,4482
禀,4483
桡,4484
屯,4485
槲,4486
冢,4487
嗾,4488
嘭,4489
锆,4490
哉,4491
矬,4492
畴,4493
螯,4494
夥,4495
蚬,4496
禄,4497
楦,4498
猥,4499
鳔,4500
咻,4501
麸,4502
玺,4503
掇,4504
撺,4505
婊,4506
捩,4507
祂,4508
隹,4509
鏽,4510
溘,4511
忐,4512
忑,4513
嗳,4514
痨,4515
呎,4516
説,4517
佷,4518
鹩,4519
鹪,4520
糨,4521
戽,4522
铟,4523
攉,4524
